,turtles,ticks,average_steps,completed,average_msgs
1,1,324,294,45.66326530612250,0
2,2,746,585,99.48979591836740,15
3,5,711,498.8,100.51020408163300,61.8
4,10,729,380.2,100.51020408163300,95.5
5,15,735,409.6,100.51020408163300,104.6
6,20,770,367.4,100.51020408163300,116.3
7,30,722,375.4,100.51020408163300,120.23333333333300
8,40,766,409.5,100.51020408163300,135.275
9,50,724,365.68,100.51020408163300,130.54
10,80,775,383.25,100.51020408163300,147.1875
11,100,777,388.9,100.51020408163300,150.05
